Datetime,Water Level (m)
2025-04-25 18:00:00,0.7529028
2025-04-25 19:00:00,0.28594294
2025-04-25 20:00:00,-0.107425064
2025-04-25 21:00:00,-0.3661355
2025-04-25 22:00:00,-0.54036397
2025-04-25 23:00:00,-0.67552376
2025-04-26 00:00:00,-0.7790593
2025-04-26 01:00:00,-0.6779644
2025-04-26 02:00:00,-0.0037268323
2025-04-26 03:00:00,0.5252282
2025-04-26 04:00:00,0.9653459
2025-04-26 05:00:00,1.1536052
2025-04-26 06:00:00,1.0475141
2025-04-26 07:00:00,0.659793
2025-04-26 08:00:00,0.19805056
2025-04-26 09:00:00,-0.13227046
2025-04-26 10:00:00,-0.3507344
2025-04-26 11:00:00,-0.5166759
2025-04-26 12:00:00,-0.65196186
2025-04-26 13:00:00,-0.6969242
2025-04-26 14:00:00,-0.17953697
2025-04-26 15:00:00,0.3963155
2025-04-26 16:00:00,0.8221173
2025-04-26 17:00:00,1.1041305
2025-04-26 18:00:00,1.0705565
2025-04-26 19:00:00,0.71899974
2025-04-26 20:00:00,0.22913083
2025-04-26 21:00:00,-0.14824903
2025-04-26 22:00:00,-0.39175093
2025-04-26 23:00:00,-0.5725161
2025-04-27 00:00:00,-0.722866
2025-04-27 01:00:00,-0.8304917
2025-04-27 02:00:00,-0.5372108
2025-04-27 03:00:00,0.18800548
2025-04-27 04:00:00,0.709876
2025-04-27 05:00:00,1.1298878
2025-04-27 06:00:00,1.2468579
2025-04-27 07:00:00,1.0467945
2025-04-27 08:00:00,0.5982375
2025-04-27 09:00:00,0.15809779
2025-04-27 10:00:00,-0.14110713
2025-04-27 11:00:00,-0.36515605
2025-04-27 12:00:00,-0.53985023
2025-04-27 13:00:00,-0.68156886
2025-04-27 14:00:00,-0.68390113
2025-04-27 15:00:00,-0.00750046
2025-04-27 16:00:00,0.52114743
2025-04-27 17:00:00,0.9489295
2025-04-27 18:00:00,1.1324055
2025-04-27 19:00:00,0.9618668
2025-04-27 20:00:00,0.49188825
2025-04-27 21:00:00,0.037073497
2025-04-27 22:00:00,-0.27913654
2025-04-27 23:00:00,-0.49232736
2025-04-28 00:00:00,-0.65813524
2025-04-28 01:00:00,-0.80012
2025-04-28 02:00:00,-0.8587013
2025-04-28 03:00:00,-0.27969995
2025-04-28 04:00:00,0.37933734
2025-04-28 05:00:00,0.88232094
2025-04-28 06:00:00,1.2588019
2025-04-28 07:00:00,1.2974265
2025-04-28 08:00:00,1.009361
2025-04-28 09:00:00,0.52301425
2025-04-28 10:00:00,0.118747994
2025-04-28 11:00:00,-0.18052661
2025-04-28 12:00:00,-0.40601334
2025-04-28 13:00:00,-0.57124
2025-04-28 14:00:00,-0.6965538
2025-04-28 15:00:00,-0.55905354
2025-04-28 16:00:00,0.19587366
2025-04-28 17:00:00,0.6714243
2025-04-28 18:00:00,1.0266926
2025-04-28 19:00:00,1.0702807
2025-04-28 20:00:00,0.778182
2025-04-28 21:00:00,0.2775946
2025-04-28 22:00:00,-0.122783326
2025-04-28 23:00:00,-0.38331926
2025-04-29 00:00:00,-0.5683499
2025-04-29 01:00:00,-0.72281486
2025-04-29 02:00:00,-0.8519433
2025-04-29 03:00:00,-0.81558347
2025-04-29 04:00:00,-0.06727684
2025-04-29 05:00:00,0.5313646
2025-04-29 06:00:00,1.0307775
2025-04-29 07:00:00,1.2980713
2025-04-29 08:00:00,1.2268883
2025-04-29 09:00:00,0.8510163
2025-04-29 10:00:00,0.3713533
2025-04-29 11:00:00,0.007157605
2025-04-29 12:00:00,-0.25637114
2025-04-29 13:00:00,-0.44755813
2025-04-29 14:00:00,-0.59676105
2025-04-29 15:00:00,-0.69283307
2025-04-29 16:00:00,-0.3606111
2025-04-29 17:00:00,0.26272488
2025-04-29 18:00:00,0.6408916
2025-04-29 19:00:00,0.9160919
2025-04-29 20:00:00,0.892298
2025-04-29 21:00:00,0.5776194
2025-04-29 22:00:00,0.10576622
2025-04-29 23:00:00,-0.2446389
2025-04-30 00:00:00,-0.4743474
2025-04-30 01:00:00,-0.6489548
2025-04-30 02:00:00,-0.7904686
2025-04-30 03:00:00,-0.88900965
2025-04-30 04:00:00,-0.6299022
2025-04-30 05:00:00,0.121034354
2025-04-30 06:00:00,0.65755296
2025-04-30 07:00:00,1.0936348
2025-04-30 08:00:00,1.2482449
2025-04-30 09:00:00,1.1026633
2025-04-30 10:00:00,0.693389
2025-04-30 11:00:00,0.24123229
2025-04-30 12:00:00,-0.065746896
2025-04-30 13:00:00,-0.28819886
2025-04-30 14:00:00,-0.45888698
2025-04-30 15:00:00,-0.59865826
2025-04-30 16:00:00,-0.62757826
2025-04-30 17:00:00,-0.12131701
2025-04-30 18:00:00,0.37765232
2025-04-30 19:00:00,0.72162163
2025-04-30 20:00:00,0.8881488
2025-04-30 21:00:00,0.74267274
2025-04-30 22:00:00,0.34881896
2025-04-30 23:00:00,-0.072533846
2025-05-01 00:00:00,-0.34689945
2025-05-01 01:00:00,-0.5310273
2025-05-01 02:00:00,-0.6846867
2025-05-01 03:00:00,-0.8069817
2025-05-01 04:00:00,-0.84311414
2025-05-01 05:00:00,-0.34298474
2025-05-01 06:00:00,0.25808385
2025-05-01 07:00:00,0.7153188
2025-05-01 08:00:00,1.0711398
2025-05-01 09:00:00,1.137185
2025-05-01 10:00:00,0.9195422
2025-05-01 11:00:00,0.483806
2025-05-01 12:00:00,0.08822695
2025-05-01 13:00:00,-0.17510703
2025-05-01 14:00:00,-0.36727604
2025-05-01 15:00:00,-0.5121735
2025-05-01 16:00:00,-0.61533976
2025-05-01 17:00:00,-0.529838
2025-05-01 18:00:00,-0.0067627826
